insert into public.departments (row_id, id, name) VALUES (2, 'ise', 'Information Science Engineering');
insert into public.departments (row_id, id, name) VALUES (1, 'cse', 'Computer Science Engineering');
insert into public.departments (row_id, id, name) VALUES (3, 'ece', 'Electronics & Communications Engineering');
insert into public.departments (row_id, id, name) VALUES (4, 'eee', 'Electronics & Electrical Engineering');
insert into public.departments (row_id, id, name) VALUES (5, 'me', 'Mechanical Engineering');

insert into public.courses (row_id, id, name, semester, valid, year, department_row_id) VALUES (48, '19CSE5IOT', 'Internet of Things', 5, true, 2019, 1);
insert into public.courses (row_id, id, name, semester, valid, year, department_row_id) VALUES (49, '17CSE5ADA', 'Algorithm Design Analysis', 5, true, 2017, 1);
insert into public.courses (row_id, id, name, semester, valid, year, department_row_id) VALUES (50, '16CSE5SE', 'Software Engineering', 5, true, 2016, 1);
insert into public.courses (row_id, id, name, semester, valid, year, department_row_id) VALUES (51, '18CSE5PWP', 'Programming with Python', 5, true, 2018, 1);
insert into public.courses (row_id, id, name, semester, valid, year, department_row_id) VALUES (52, '18CSE3WD', 'Web Development', 3, true, 2018, 1);
insert into public.courses (row_id, id, name, semester, valid, year, department_row_id) VALUES (53, '18CSE3PWJ', 'Programming With Java', 3, true, 2018, 1);
insert into public.courses (row_id, id, name, semester, valid, year, department_row_id) VALUES (54, '18CSE3PWC', 'Programming With C++', 3, true, 2018, 1);
insert into public.courses (row_id, id, name, semester, valid, year, department_row_id) VALUES (55, '18CSE3COA', 'Computer Organization Architecture', 3, true, 2018, 1);
insert into public.courses (row_id, id, name, semester, valid, year, department_row_id) VALUES (56, '15CSE5DS', 'Data Structures', 5, true, 2015, 1);
insert into public.courses (row_id, id, name, semester, valid, year, department_row_id) VALUES (57, '19CSE3CC', 'Cloud Computing', 3, true, 2019, 1);
insert into public.courses (row_id, id, name, semester, valid, year, department_row_id) VALUES (59, '18ISE3IOT', 'Internet of Things', 3, true, 2018, 2);
insert into public.courses (row_id, id, name, semester, valid, year, department_row_id) VALUES (60, '17ISE3SE', 'Software Engineering', 3, true, 2017, 2);
insert into public.courses (row_id, id, name, semester, valid, year, department_row_id) VALUES (61, '19ISE3DS', 'Data Structures', 3, true, 2019, 2);
insert into public.courses (row_id, id, name, semester, valid, year, department_row_id) VALUES (62, '18ISE3ADA', 'Algorithm Design Analysis', 3, true, 2018, 2);
insert into public.courses (row_id, id, name, semester, valid, year, department_row_id) VALUES (63, '16ISE3PWP', 'Programming With Python', 3, true, 2016, 2);
insert into public.courses (row_id, id, name, semester, valid, year, department_row_id) VALUES (64, '18ISE5CC', 'Cloud Computing', 5, true, 2018, 2);
insert into public.courses (row_id, id, name, semester, valid, year, department_row_id) VALUES (65, '19ISE5PWJ', 'Programming With Java', 5, true, 2019, 2);
insert into public.courses (row_id, id, name, semester, valid, year, department_row_id) VALUES (66, '18ISE5PWC', 'Programming With C++', 5, true, 2018, 2);
insert into public.courses (row_id, id, name, semester, valid, year, department_row_id) VALUES (67, '17ISE5COA', 'Computer Organization Architecture', 5, true, 2017, 2);
insert into public.courses (row_id, id, name, semester, valid, year, department_row_id) VALUES (68, '19ISE5WD', 'Web Development', 5, true, 2019, 2);

insert into public.sections (row_id, id, room, section, semester, year, department_row_id) VALUES (71, '3A-CSE-2019', null, 'A', 3, 2019, 1);
insert into public.sections (row_id, id, room, section, semester, year, department_row_id) VALUES (72, '3A-CSE-2018', null, 'A', 3, 2018, 1);
insert into public.sections (row_id, id, room, section, semester, year, department_row_id) VALUES (75, '5A-ISE-2019', null, 'A', 5, 2019, 2);
insert into public.sections (row_id, id, room, section, semester, year, department_row_id) VALUES (76, '3A-ISE-2019', null, 'A', 3, 2019, 2);
insert into public.sections (row_id, id, room, section, semester, year, department_row_id) VALUES (77, '3A-ISE-2018', null, 'A', 3, 2018, 2);
insert into public.sections (row_id, id, room, section, semester, year, department_row_id) VALUES (69, '5A-CSE-2019', 402, 'A', 5, 2019, 1);

insert into public.schedules (row_id) VALUES (474);
insert into public.schedules (row_id) VALUES (475);
insert into public.schedules (row_id) VALUES (476);
insert into public.schedules (row_id) VALUES (477);
insert into public.schedules (row_id) VALUES (478);
insert into public.schedules (row_id) VALUES (479);

insert into public.sections_days_schedule_map (sections_row_id, days_schedule_map_row_id, days_schedule_map_key) VALUES (69, 474, 2);
insert into public.sections_days_schedule_map (sections_row_id, days_schedule_map_row_id, days_schedule_map_key) VALUES (69, 475, 1);
insert into public.sections_days_schedule_map (sections_row_id, days_schedule_map_row_id, days_schedule_map_key) VALUES (69, 476, 0);
insert into public.sections_days_schedule_map (sections_row_id, days_schedule_map_row_id, days_schedule_map_key) VALUES (69, 477, 3);
insert into public.sections_days_schedule_map (sections_row_id, days_schedule_map_row_id, days_schedule_map_key) VALUES (69, 478, 4);
insert into public.sections_days_schedule_map (sections_row_id, days_schedule_map_row_id, days_schedule_map_key) VALUES (69, 479, 5);

insert into public.schedules_classes (schedules_row_id, classes_row_id, classes_key) VALUES (474, 51, 5);
insert into public.schedules_classes (schedules_row_id, classes_row_id, classes_key) VALUES (474, 56, 4);
insert into public.schedules_classes (schedules_row_id, classes_row_id, classes_key) VALUES (474, 50, 2);
insert into public.schedules_classes (schedules_row_id, classes_row_id, classes_key) VALUES (474, 48, 3);
insert into public.schedules_classes (schedules_row_id, classes_row_id, classes_key) VALUES (474, 49, 1);
insert into public.schedules_classes (schedules_row_id, classes_row_id, classes_key) VALUES (475, 51, 5);
insert into public.schedules_classes (schedules_row_id, classes_row_id, classes_key) VALUES (475, 56, 4);
insert into public.schedules_classes (schedules_row_id, classes_row_id, classes_key) VALUES (475, 48, 6);
insert into public.schedules_classes (schedules_row_id, classes_row_id, classes_key) VALUES (475, 49, 3);
insert into public.schedules_classes (schedules_row_id, classes_row_id, classes_key) VALUES (476, 56, 4);
insert into public.schedules_classes (schedules_row_id, classes_row_id, classes_key) VALUES (476, 50, 2);
insert into public.schedules_classes (schedules_row_id, classes_row_id, classes_key) VALUES (476, 51, 3);
insert into public.schedules_classes (schedules_row_id, classes_row_id, classes_key) VALUES (476, 49, 1);
insert into public.schedules_classes (schedules_row_id, classes_row_id, classes_key) VALUES (477, 51, 5);
insert into public.schedules_classes (schedules_row_id, classes_row_id, classes_key) VALUES (477, 56, 4);
insert into public.schedules_classes (schedules_row_id, classes_row_id, classes_key) VALUES (477, 49, 2);
insert into public.schedules_classes (schedules_row_id, classes_row_id, classes_key) VALUES (477, 48, 6);
insert into public.schedules_classes (schedules_row_id, classes_row_id, classes_key) VALUES (477, 50, 3);
insert into public.schedules_classes (schedules_row_id, classes_row_id, classes_key) VALUES (477, 49, 1);
insert into public.schedules_classes (schedules_row_id, classes_row_id, classes_key) VALUES (478, 51, 5);
insert into public.schedules_classes (schedules_row_id, classes_row_id, classes_key) VALUES (478, 56, 4);
insert into public.schedules_classes (schedules_row_id, classes_row_id, classes_key) VALUES (478, 49, 6);
insert into public.schedules_classes (schedules_row_id, classes_row_id, classes_key) VALUES (478, 50, 3);
insert into public.schedules_classes (schedules_row_id, classes_row_id, classes_key) VALUES (479, 49, 5);
insert into public.schedules_classes (schedules_row_id, classes_row_id, classes_key) VALUES (479, 56, 4);
insert into public.schedules_classes (schedules_row_id, classes_row_id, classes_key) VALUES (479, 51, 2);
insert into public.schedules_classes (schedules_row_id, classes_row_id, classes_key) VALUES (479, 48, 6);
insert into public.schedules_classes (schedules_row_id, classes_row_id, classes_key) VALUES (479, 50, 3);
insert into public.schedules_classes (schedules_row_id, classes_row_id, classes_key) VALUES (479, 51, 1);

insert into public.entities (id, password, type) VALUES ('student-cse-2021-1', '$2a$10$AUGOq/K2MTIGyx0P5GNE3O2P5RSFGnWegDZwVEeJ3XSwfka.8yHfq', 'STUDENT');
insert into public.entities (id, password, type) VALUES ('student-cse-2021-2', '$2a$10$ELml4Rj8mbzotuuCSN.Wq.U6cpzpGd04uyrBoAJH.VPSIJrLuuepW', 'STUDENT');
insert into public.entities (id, password, type) VALUES ('student-cse-2021-3', '$2a$10$CpbuzsIz0wBt3n7POp2Heuid/TTaTu1tote/jxo7SnSDjdkZuOFrK', 'STUDENT');
insert into public.entities (id, password, type) VALUES ('student-cse-2021-4', '$2a$10$7Cr0nbbpE2HK3xB2Mu32..jb2hVC/SrsYqH46Z.yOy5idwk73cEE2', 'STUDENT');
insert into public.entities (id, password, type) VALUES ('student-cse-2021-5', '$2a$10$771lI/aUg03phKZf5VDXhOJACzFeFZXO8sIHX2XpCQXFlAzrIHsse', 'STUDENT');
insert into public.entities (id, password, type) VALUES ('student-cse-2022-1', '$2a$10$0QkuU0WFW6u16GHMSlhbO.m0NMa8tfuU89T5viYktWs9e1MVPrLxi', 'STUDENT');
insert into public.entities (id, password, type) VALUES ('student-cse-2022-2', '$2a$10$kEDrLiurS7DOfQmxH3PIeuwXoAqniLof8U9rPy3YgGL1u73IhCIp.', 'STUDENT');
insert into public.entities (id, password, type) VALUES ('student-cse-2022-3', '$2a$10$uE5XjUw6jfjTPWwyDdX3tu6OyAyKQuzlUUUjw1dVoOtJdm344e0Ue', 'STUDENT');
insert into public.entities (id, password, type) VALUES ('student-cse-2022-4', '$2a$10$8knk/LbSsYo7siH/fTxS0uA4IKNNNnZhK5LU7wWFI4MZBlee6tmI.', 'STUDENT');
insert into public.entities (id, password, type) VALUES ('student-cse-2022-5', '$2a$10$DpTGm3fPE1Hg/Ipn3M4d8uGaDP6xz.eTcnOdsMKG/vU3eowh0BZyK', 'STUDENT');
insert into public.entities (id, password, type) VALUES ('student-ise-2021-1', '$2a$10$JzAlDnqnqYMYEEDTfcHjBeLnNy4MVs0c8Lzs8N1crWTFnhwhTaucK', 'STUDENT');
insert into public.entities (id, password, type) VALUES ('student-ise-2021-2', '$2a$10$aoWYG.o7ZmKuYkSodIHWr.V8/xg64cYZOzNcFWGQDEjGKhEFvr1g6', 'STUDENT');
insert into public.entities (id, password, type) VALUES ('student-ise-2021-3', '$2a$10$WX5icWIK6K8g0LWwxX6nLOd/vtAR8zEbtQQaX314UVrpdIV1/gjki', 'STUDENT');
insert into public.entities (id, password, type) VALUES ('student-ise-2021-4', '$2a$10$e4RfIE6LdOS/FEBHjTV8veRP6.l4DECCK3iWYpRV11R6qqSyA.sdO', 'STUDENT');
insert into public.entities (id, password, type) VALUES ('student-ise-2021-5', '$2a$10$U/AppG0H5bbdndaTtf3RLu528BDHCW0Q6oHV4/Z9b2lD3Aj1x73CS', 'STUDENT');
insert into public.entities (id, password, type) VALUES ('student-ise-2022-1', '$2a$10$N7grkt8OCyPU5kREznJ2q.dlqxQYP4la72GqUNYLAhcJTZKPqOI/K', 'STUDENT');
insert into public.entities (id, password, type) VALUES ('student-ise-2022-2', '$2a$10$yRdLffHDyRiaafrtLy.l9eUyzoV.4FtyIqwZOROS.zjQ66r0PD4Cm', 'STUDENT');
insert into public.entities (id, password, type) VALUES ('student-ise-2022-3', '$2a$10$sQG4VPPdEh8tylaxsAaIQOz3wlCRCLPlHgDkm.x5uXrOmp5thmgNG', 'STUDENT');
insert into public.entities (id, password, type) VALUES ('student-ise-2022-4', '$2a$10$dIySIc7oCFfcVWpDbajope4WWx7PZX583ynaijUbUBfJ1W1fSq8B6', 'STUDENT');
insert into public.entities (id, password, type) VALUES ('student-ise-2022-5', '$2a$10$i0d8u.HxRlm8NnGhwA4bAuo429r9qKg0qnrYmROcY2XH8kapaiYE6', 'STUDENT');
insert into public.entities (id, password, type) VALUES ('teacher-cse-id-1', '$2a$10$BfUcLpb1bGEF4J/TGO6WMeLecKYMHwjBT/Vv4nkvSH9VDvEbhzo3K', 'TEACHER');
insert into public.entities (id, password, type) VALUES ('teacher-cse-id-2', '$2a$10$jvTk4iP1eoiIiur1HCFFMuMhIXmrgH4Iow3IN/JLj0LHeZLFMhkke', 'TEACHER');
insert into public.entities (id, password, type) VALUES ('teacher-cse-id-3', '$2a$10$C0eOGbRc10Ql85MbLG4FSOHvgr2KJIGn7hrCeyiGmzBNNo7kckDaK', 'TEACHER');
insert into public.entities (id, password, type) VALUES ('teacher-cse-id-4', '$2a$10$nru9vK5lWZJ2nEBcRggPiubcWoUC/y0LC0g5ABOPo0.0/igpc7lga', 'TEACHER');
insert into public.entities (id, password, type) VALUES ('teacher-cse-id-5', '$2a$10$4GUZ5bxs.jCkxC6VDYtAEuNMkTNgnhkcSTPeO2RgLFyfj.Ioqcr8O', 'TEACHER');
insert into public.entities (id, password, type) VALUES ('teacher-cse-id-6', '$2a$10$OZdhX3jcIJHP8JJ54iSbcOtTSZZEiSGvWnAqhfS2SVyHFsypbcvM.', 'TEACHER');
insert into public.entities (id, password, type) VALUES ('teacher-cse-id-7', '$2a$10$ZWdB4pE9hAh9cQoDwp8f4.XCW9imO47zjSlGDShqs0RMRwitHh8Le', 'TEACHER');
insert into public.entities (id, password, type) VALUES ('teacher-cse-id-8', '$2a$10$6PvlluuC.VIszwubIrXVTetX/rkxeaNY93uN2IXDf6Ld7FAcwOyWe', 'TEACHER');
insert into public.entities (id, password, type) VALUES ('teacher-cse-id-9', '$2a$10$0/KZyFOQPJ9IepMYo0xSXeNZMF032xI4jZZQOfWoDXkKiDRGkj6fi', 'TEACHER');
insert into public.entities (id, password, type) VALUES ('teacher-cse-id-10', '$2a$10$Iw0DwTwowwaj0q0FkpUO1OECiAJx2.R2cECpB2.mZdUrRLvAk3ph2', 'TEACHER');
insert into public.entities (id, password, type) VALUES ('teacher-ise-id-1', '$2a$10$RTbigq1JxiycRLKcGmi.Fu3Z/B78zceLLg.gkLwkoS1tHdzP/kIVu', 'TEACHER');
insert into public.entities (id, password, type) VALUES ('teacher-ise-id-2', '$2a$10$8aLdj2B4IclJWzjZDL2t4ueXvQ.MCaw/jpNsljCLgSNDwaR9q.foq', 'TEACHER');
insert into public.entities (id, password, type) VALUES ('teacher-ise-id-3', '$2a$10$FnkH0wp47DJ86I7cPCOY5usIQgz5L.wYpBrwUid9q357.NqZt16Lm', 'TEACHER');
insert into public.entities (id, password, type) VALUES ('teacher-ise-id-4', '$2a$10$wRf.6epXvZ9UiWwa0LaEBu/HAqLns3w.nTHnYErjzyqYb2SNDWgj.', 'TEACHER');
insert into public.entities (id, password, type) VALUES ('teacher-ise-id-5', '$2a$10$9t5YtJ1N0BenuQzh8FOf6unbkZVOGG1tYdH2ptXJM66ActeBK1Auq', 'TEACHER');
insert into public.entities (id, password, type) VALUES ('teacher-ise-id-6', '$2a$10$UpWyCZdrDMuYaYQlaqGCg.NB/B/NyPyEEqAzcE8Uzqf4CuWbGxDau', 'TEACHER');
insert into public.entities (id, password, type) VALUES ('teacher-ise-id-7', '$2a$10$S9AOa5a4.jVsaNsBsq8nVeHaAR2A5yWbzQFR4qt2tRrqBQ96zseki', 'TEACHER');
insert into public.entities (id, password, type) VALUES ('teacher-ise-id-8', '$2a$10$/pF68YWPMvm9KjhrLvpyA.OWpU/8DbfBOJBLVFiI49QiMNIKL2dMK', 'TEACHER');
insert into public.entities (id, password, type) VALUES ('teacher-ise-id-9', '$2a$10$vlT9VU3VH6WdsK9JLHIKsOzCsKm6uYLiOzxC9he2w3wEid1r2/ZHK', 'TEACHER');
insert into public.entities (id, password, type) VALUES ('teacher-ise-id-10', '$2a$10$eY.XFvvHOr9jmWlU6QjcAeUz/iJ7EkDHYiGsLtTVzRTUdyWG04oXS', 'TEACHER');
insert into public.entities (id, password, type) VALUES ('device-cse-1', '$2a$10$NbVtK/ft7qqBOXXlb1HBP.Pa/eHRJYV8R44w1VYviIHRBs9zBhp4i', 'DEVICE');

insert into public.students (row_id, graduation_year, name, department_row_id, entity_id) VALUES (1, 2021, 'Nitesh', 1, 'student-cse-2021-1');
insert into public.students (row_id, graduation_year, name, department_row_id, entity_id) VALUES (2, 2021, 'Ayush', 1, 'student-cse-2021-2');
insert into public.students (row_id, graduation_year, name, department_row_id, entity_id) VALUES (3, 2021, 'Rahul', 1, 'student-cse-2021-3');
insert into public.students (row_id, graduation_year, name, department_row_id, entity_id) VALUES (4, 2021, 'Arko', 1, 'student-cse-2021-4');
insert into public.students (row_id, graduation_year, name, department_row_id, entity_id) VALUES (5, 2021, 'Vijay', 1, 'student-cse-2021-5');
insert into public.students (row_id, graduation_year, name, department_row_id, entity_id) VALUES (11, 2021, 'Ajay', 2, 'student-ise-2021-1');
insert into public.students (row_id, graduation_year, name, department_row_id, entity_id) VALUES (12, 2021, 'Subham', 2, 'student-ise-2021-2');
insert into public.students (row_id, graduation_year, name, department_row_id, entity_id) VALUES (13, 2021, 'Varsha', 2, 'student-ise-2021-3');
insert into public.students (row_id, graduation_year, name, department_row_id, entity_id) VALUES (14, 2021, 'Anjali', 2, 'student-ise-2021-4');
insert into public.students (row_id, graduation_year, name, department_row_id, entity_id) VALUES (15, 2021, 'Ananaya', 2, 'student-ise-2021-5');
insert into public.students (row_id, graduation_year, name, department_row_id, entity_id) VALUES (8, 2022, 'Aditya', 1, 'student-cse-2022-1');
insert into public.students (row_id, graduation_year, name, department_row_id, entity_id) VALUES (9, 2022, 'Ramesh', 1, 'student-cse-2022-2');
insert into public.students (row_id, graduation_year, name, department_row_id, entity_id) VALUES (10, 2022, 'Suresh', 1, 'student-cse-2022-3');
insert into public.students (row_id, graduation_year, name, department_row_id, entity_id) VALUES (6, 2022, 'Raman', 1, 'student-cse-2022-4');
insert into public.students (row_id, graduation_year, name, department_row_id, entity_id) VALUES (7, 2022, 'Sachin', 1, 'student-cse-2022-5');
insert into public.students (row_id, graduation_year, name, department_row_id, entity_id) VALUES (16, 2022, 'Veer', 2, 'student-ise-2022-1');
insert into public.students (row_id, graduation_year, name, department_row_id, entity_id) VALUES (17, 2022, 'Sid', 2, 'student-ise-2022-2');
insert into public.students (row_id, graduation_year, name, department_row_id, entity_id) VALUES (18, 2022, 'Sarthak', 2, 'student-ise-2022-3');
insert into public.students (row_id, graduation_year, name, department_row_id, entity_id) VALUES (19, 2022, 'Saket', 2, 'student-ise-2022-4');
insert into public.students (row_id, graduation_year, name, department_row_id, entity_id) VALUES (20, 2022, 'Adit', 2, 'student-ise-2022-5');

insert into public.students_sections (students_row_id, sections_row_id) VALUES (1, 69);
insert into public.students_sections (students_row_id, sections_row_id) VALUES (1, 72);
insert into public.students_sections (students_row_id, sections_row_id) VALUES (2, 72);
insert into public.students_sections (students_row_id, sections_row_id) VALUES (2, 69);
insert into public.students_sections (students_row_id, sections_row_id) VALUES (3, 69);
insert into public.students_sections (students_row_id, sections_row_id) VALUES (3, 72);
insert into public.students_sections (students_row_id, sections_row_id) VALUES (4, 72);
insert into public.students_sections (students_row_id, sections_row_id) VALUES (4, 69);
insert into public.students_sections (students_row_id, sections_row_id) VALUES (5, 69);
insert into public.students_sections (students_row_id, sections_row_id) VALUES (5, 72);
insert into public.students_sections (students_row_id, sections_row_id) VALUES (8, 71);
insert into public.students_sections (students_row_id, sections_row_id) VALUES (9, 71);
insert into public.students_sections (students_row_id, sections_row_id) VALUES (10, 71);
insert into public.students_sections (students_row_id, sections_row_id) VALUES (6, 71);
insert into public.students_sections (students_row_id, sections_row_id) VALUES (7, 71);
insert into public.students_sections (students_row_id, sections_row_id) VALUES (20, 76);
insert into public.students_sections (students_row_id, sections_row_id) VALUES (19, 76);
insert into public.students_sections (students_row_id, sections_row_id) VALUES (18, 76);
insert into public.students_sections (students_row_id, sections_row_id) VALUES (17, 76);
insert into public.students_sections (students_row_id, sections_row_id) VALUES (16, 76);
insert into public.students_sections (students_row_id, sections_row_id) VALUES (11, 75);
insert into public.students_sections (students_row_id, sections_row_id) VALUES (12, 75);
insert into public.students_sections (students_row_id, sections_row_id) VALUES (13, 75);
insert into public.students_sections (students_row_id, sections_row_id) VALUES (14, 75);
insert into public.students_sections (students_row_id, sections_row_id) VALUES (15, 75);
insert into public.students_sections (students_row_id, sections_row_id) VALUES (15, 77);
insert into public.students_sections (students_row_id, sections_row_id) VALUES (14, 77);
insert into public.students_sections (students_row_id, sections_row_id) VALUES (13, 77);
insert into public.students_sections (students_row_id, sections_row_id) VALUES (12, 77);
insert into public.students_sections (students_row_id, sections_row_id) VALUES (11, 77);

insert into public.attendance (id) VALUES (334);
insert into public.attendance (id) VALUES (335);
insert into public.attendance (id) VALUES (336);
insert into public.attendance (id) VALUES (337);
insert into public.attendance (id) VALUES (338);
insert into public.attendance (id) VALUES (339);
insert into public.attendance (id) VALUES (340);
insert into public.attendance (id) VALUES (341);
insert into public.attendance (id) VALUES (342);
insert into public.attendance (id) VALUES (343);
insert into public.attendance (id) VALUES (344);
insert into public.attendance (id) VALUES (345);
insert into public.attendance (id) VALUES (346);
insert into public.attendance (id) VALUES (347);
insert into public.attendance (id) VALUES (348);
insert into public.attendance (id) VALUES (349);
insert into public.attendance (id) VALUES (350);
insert into public.attendance (id) VALUES (351);
insert into public.attendance (id) VALUES (352);
insert into public.attendance (id) VALUES (353);
insert into public.attendance (id) VALUES (354);
insert into public.attendance (id) VALUES (355);
insert into public.attendance (id) VALUES (356);
insert into public.attendance (id) VALUES (357);
insert into public.attendance (id) VALUES (358);
insert into public.attendance (id) VALUES (359);
insert into public.attendance (id) VALUES (360);
insert into public.attendance (id) VALUES (361);
insert into public.attendance (id) VALUES (362);
insert into public.attendance (id) VALUES (363);
insert into public.attendance (id) VALUES (364);
insert into public.attendance (id) VALUES (365);
insert into public.attendance (id) VALUES (366);
insert into public.attendance (id) VALUES (367);
insert into public.attendance (id) VALUES (368);
insert into public.attendance (id) VALUES (369);
insert into public.attendance (id) VALUES (370);
insert into public.attendance (id) VALUES (371);
insert into public.attendance (id) VALUES (372);
insert into public.attendance (id) VALUES (373);
insert into public.attendance (id) VALUES (374);
insert into public.attendance (id) VALUES (375);
insert into public.attendance (id) VALUES (376);
insert into public.attendance (id) VALUES (377);
insert into public.attendance (id) VALUES (378);
insert into public.attendance (id) VALUES (379);
insert into public.attendance (id) VALUES (380);
insert into public.attendance (id) VALUES (381);
insert into public.attendance (id) VALUES (382);
insert into public.attendance (id) VALUES (383);
insert into public.attendance (id) VALUES (384);
insert into public.attendance (id) VALUES (385);
insert into public.attendance (id) VALUES (386);
insert into public.attendance (id) VALUES (387);
insert into public.attendance (id) VALUES (388);
insert into public.attendance (id) VALUES (389);
insert into public.attendance (id) VALUES (390);
insert into public.attendance (id) VALUES (391);
insert into public.attendance (id) VALUES (392);
insert into public.attendance (id) VALUES (393);
insert into public.attendance (id) VALUES (394);
insert into public.attendance (id) VALUES (395);
insert into public.attendance (id) VALUES (396);
insert into public.attendance (id) VALUES (397);
insert into public.attendance (id) VALUES (398);
insert into public.attendance (id) VALUES (399);
insert into public.attendance (id) VALUES (400);
insert into public.attendance (id) VALUES (401);
insert into public.attendance (id) VALUES (402);
insert into public.attendance (id) VALUES (403);
insert into public.attendance (id) VALUES (404);
insert into public.attendance (id) VALUES (405);
insert into public.attendance (id) VALUES (406);
insert into public.attendance (id) VALUES (407);
insert into public.attendance (id) VALUES (408);
insert into public.attendance (id) VALUES (409);
insert into public.attendance (id) VALUES (410);
insert into public.attendance (id) VALUES (411);
insert into public.attendance (id) VALUES (412);
insert into public.attendance (id) VALUES (413);
insert into public.attendance (id) VALUES (414);
insert into public.attendance (id) VALUES (415);
insert into public.attendance (id) VALUES (416);
insert into public.attendance (id) VALUES (417);
insert into public.attendance (id) VALUES (418);
insert into public.attendance (id) VALUES (419);
insert into public.attendance (id) VALUES (420);
insert into public.attendance (id) VALUES (421);
insert into public.attendance (id) VALUES (422);
insert into public.attendance (id) VALUES (423);
insert into public.attendance (id) VALUES (424);
insert into public.attendance (id) VALUES (425);
insert into public.attendance (id) VALUES (426);
insert into public.attendance (id) VALUES (427);
insert into public.attendance (id) VALUES (428);
insert into public.attendance (id) VALUES (429);
insert into public.attendance (id) VALUES (430);
insert into public.attendance (id) VALUES (431);
insert into public.attendance (id) VALUES (432);
insert into public.attendance (id) VALUES (433);
insert into public.attendance (id) VALUES (434);
insert into public.attendance (id) VALUES (435);
insert into public.attendance (id) VALUES (436);
insert into public.attendance (id) VALUES (437);
insert into public.attendance (id) VALUES (438);
insert into public.attendance (id) VALUES (439);
insert into public.attendance (id) VALUES (440);
insert into public.attendance (id) VALUES (441);
insert into public.attendance (id) VALUES (442);
insert into public.attendance (id) VALUES (443);
insert into public.attendance (id) VALUES (444);
insert into public.attendance (id) VALUES (445);
insert into public.attendance (id) VALUES (446);
insert into public.attendance (id) VALUES (447);
insert into public.attendance (id) VALUES (448);
insert into public.attendance (id) VALUES (449);
insert into public.attendance (id) VALUES (450);
insert into public.attendance (id) VALUES (451);
insert into public.attendance (id) VALUES (452);
insert into public.attendance (id) VALUES (453);
insert into public.attendance (id) VALUES (454);
insert into public.attendance (id) VALUES (455);
insert into public.attendance (id) VALUES (456);
insert into public.attendance (id) VALUES (457);
insert into public.attendance (id) VALUES (458);
insert into public.attendance (id) VALUES (459);
insert into public.attendance (id) VALUES (460);
insert into public.attendance (id) VALUES (461);
insert into public.attendance (id) VALUES (462);
insert into public.attendance (id) VALUES (463);
insert into public.attendance (id) VALUES (464);
insert into public.attendance (id) VALUES (465);
insert into public.attendance (id) VALUES (466);
insert into public.attendance (id) VALUES (467);
insert into public.attendance (id) VALUES (468);
insert into public.attendance (id) VALUES (469);
insert into public.attendance (id) VALUES (470);
insert into public.attendance (id) VALUES (471);
insert into public.attendance (id) VALUES (472);
insert into public.attendance (id) VALUES (473);

insert into public.students_course_attendance (students_row_id, course_attendance_id, course_attendance_key) VALUES (1, 335, 56);
insert into public.students_course_attendance (students_row_id, course_attendance_id, course_attendance_key) VALUES (2, 338, 56);
insert into public.students_course_attendance (students_row_id, course_attendance_id, course_attendance_key) VALUES (3, 334, 56);
insert into public.students_course_attendance (students_row_id, course_attendance_id, course_attendance_key) VALUES (4, 336, 56);
insert into public.students_course_attendance (students_row_id, course_attendance_id, course_attendance_key) VALUES (5, 337, 56);
insert into public.students_course_attendance (students_row_id, course_attendance_id, course_attendance_key) VALUES (1, 339, 49);
insert into public.students_course_attendance (students_row_id, course_attendance_id, course_attendance_key) VALUES (2, 340, 49);
insert into public.students_course_attendance (students_row_id, course_attendance_id, course_attendance_key) VALUES (3, 343, 49);
insert into public.students_course_attendance (students_row_id, course_attendance_id, course_attendance_key) VALUES (4, 342, 49);
insert into public.students_course_attendance (students_row_id, course_attendance_id, course_attendance_key) VALUES (5, 341, 49);
insert into public.students_course_attendance (students_row_id, course_attendance_id, course_attendance_key) VALUES (1, 347, 50);
insert into public.students_course_attendance (students_row_id, course_attendance_id, course_attendance_key) VALUES (2, 348, 50);
insert into public.students_course_attendance (students_row_id, course_attendance_id, course_attendance_key) VALUES (3, 346, 50);
insert into public.students_course_attendance (students_row_id, course_attendance_id, course_attendance_key) VALUES (4, 345, 50);
insert into public.students_course_attendance (students_row_id, course_attendance_id, course_attendance_key) VALUES (5, 344, 50);
insert into public.students_course_attendance (students_row_id, course_attendance_id, course_attendance_key) VALUES (1, 351, 51);
insert into public.students_course_attendance (students_row_id, course_attendance_id, course_attendance_key) VALUES (2, 349, 51);
insert into public.students_course_attendance (students_row_id, course_attendance_id, course_attendance_key) VALUES (3, 352, 51);
insert into public.students_course_attendance (students_row_id, course_attendance_id, course_attendance_key) VALUES (4, 353, 51);
insert into public.students_course_attendance (students_row_id, course_attendance_id, course_attendance_key) VALUES (5, 350, 51);
insert into public.students_course_attendance (students_row_id, course_attendance_id, course_attendance_key) VALUES (1, 358, 48);
insert into public.students_course_attendance (students_row_id, course_attendance_id, course_attendance_key) VALUES (2, 354, 48);
insert into public.students_course_attendance (students_row_id, course_attendance_id, course_attendance_key) VALUES (3, 355, 48);
insert into public.students_course_attendance (students_row_id, course_attendance_id, course_attendance_key) VALUES (4, 357, 48);
insert into public.students_course_attendance (students_row_id, course_attendance_id, course_attendance_key) VALUES (5, 356, 48);
insert into public.students_course_attendance (students_row_id, course_attendance_id, course_attendance_key) VALUES (8, 363, 57);
insert into public.students_course_attendance (students_row_id, course_attendance_id, course_attendance_key) VALUES (9, 362, 57);
insert into public.students_course_attendance (students_row_id, course_attendance_id, course_attendance_key) VALUES (10, 359, 57);
insert into public.students_course_attendance (students_row_id, course_attendance_id, course_attendance_key) VALUES (6, 360, 57);
insert into public.students_course_attendance (students_row_id, course_attendance_id, course_attendance_key) VALUES (7, 361, 57);
insert into public.students_course_attendance (students_row_id, course_attendance_id, course_attendance_key) VALUES (8, 365, 52);
insert into public.students_course_attendance (students_row_id, course_attendance_id, course_attendance_key) VALUES (9, 367, 52);
insert into public.students_course_attendance (students_row_id, course_attendance_id, course_attendance_key) VALUES (10, 364, 52);
insert into public.students_course_attendance (students_row_id, course_attendance_id, course_attendance_key) VALUES (6, 366, 52);
insert into public.students_course_attendance (students_row_id, course_attendance_id, course_attendance_key) VALUES (7, 368, 52);
insert into public.students_course_attendance (students_row_id, course_attendance_id, course_attendance_key) VALUES (8, 369, 54);
insert into public.students_course_attendance (students_row_id, course_attendance_id, course_attendance_key) VALUES (9, 371, 54);
insert into public.students_course_attendance (students_row_id, course_attendance_id, course_attendance_key) VALUES (10, 370, 54);
insert into public.students_course_attendance (students_row_id, course_attendance_id, course_attendance_key) VALUES (6, 373, 54);
insert into public.students_course_attendance (students_row_id, course_attendance_id, course_attendance_key) VALUES (7, 372, 54);
insert into public.students_course_attendance (students_row_id, course_attendance_id, course_attendance_key) VALUES (8, 375, 55);
insert into public.students_course_attendance (students_row_id, course_attendance_id, course_attendance_key) VALUES (9, 377, 55);
insert into public.students_course_attendance (students_row_id, course_attendance_id, course_attendance_key) VALUES (10, 374, 55);
insert into public.students_course_attendance (students_row_id, course_attendance_id, course_attendance_key) VALUES (6, 376, 55);
insert into public.students_course_attendance (students_row_id, course_attendance_id, course_attendance_key) VALUES (7, 378, 55);
insert into public.students_course_attendance (students_row_id, course_attendance_id, course_attendance_key) VALUES (8, 379, 53);
insert into public.students_course_attendance (students_row_id, course_attendance_id, course_attendance_key) VALUES (9, 380, 53);
insert into public.students_course_attendance (students_row_id, course_attendance_id, course_attendance_key) VALUES (10, 383, 53);
insert into public.students_course_attendance (students_row_id, course_attendance_id, course_attendance_key) VALUES (6, 381, 53);
insert into public.students_course_attendance (students_row_id, course_attendance_id, course_attendance_key) VALUES (7, 382, 53);
insert into public.students_course_attendance (students_row_id, course_attendance_id, course_attendance_key) VALUES (1, 386, 52);
insert into public.students_course_attendance (students_row_id, course_attendance_id, course_attendance_key) VALUES (2, 384, 52);
insert into public.students_course_attendance (students_row_id, course_attendance_id, course_attendance_key) VALUES (3, 388, 52);
insert into public.students_course_attendance (students_row_id, course_attendance_id, course_attendance_key) VALUES (4, 385, 52);
insert into public.students_course_attendance (students_row_id, course_attendance_id, course_attendance_key) VALUES (5, 387, 52);
insert into public.students_course_attendance (students_row_id, course_attendance_id, course_attendance_key) VALUES (1, 389, 54);
insert into public.students_course_attendance (students_row_id, course_attendance_id, course_attendance_key) VALUES (2, 393, 54);
insert into public.students_course_attendance (students_row_id, course_attendance_id, course_attendance_key) VALUES (3, 392, 54);
insert into public.students_course_attendance (students_row_id, course_attendance_id, course_attendance_key) VALUES (4, 391, 54);
insert into public.students_course_attendance (students_row_id, course_attendance_id, course_attendance_key) VALUES (5, 390, 54);
insert into public.students_course_attendance (students_row_id, course_attendance_id, course_attendance_key) VALUES (1, 394, 55);
insert into public.students_course_attendance (students_row_id, course_attendance_id, course_attendance_key) VALUES (2, 398, 55);
insert into public.students_course_attendance (students_row_id, course_attendance_id, course_attendance_key) VALUES (3, 395, 55);
insert into public.students_course_attendance (students_row_id, course_attendance_id, course_attendance_key) VALUES (4, 396, 55);
insert into public.students_course_attendance (students_row_id, course_attendance_id, course_attendance_key) VALUES (5, 397, 55);
insert into public.students_course_attendance (students_row_id, course_attendance_id, course_attendance_key) VALUES (1, 399, 53);
insert into public.students_course_attendance (students_row_id, course_attendance_id, course_attendance_key) VALUES (2, 400, 53);
insert into public.students_course_attendance (students_row_id, course_attendance_id, course_attendance_key) VALUES (3, 401, 53);
insert into public.students_course_attendance (students_row_id, course_attendance_id, course_attendance_key) VALUES (4, 403, 53);
insert into public.students_course_attendance (students_row_id, course_attendance_id, course_attendance_key) VALUES (5, 402, 53);
insert into public.students_course_attendance (students_row_id, course_attendance_id, course_attendance_key) VALUES (11, 407, 67);
insert into public.students_course_attendance (students_row_id, course_attendance_id, course_attendance_key) VALUES (12, 406, 67);
insert into public.students_course_attendance (students_row_id, course_attendance_id, course_attendance_key) VALUES (13, 405, 67);
insert into public.students_course_attendance (students_row_id, course_attendance_id, course_attendance_key) VALUES (14, 408, 67);
insert into public.students_course_attendance (students_row_id, course_attendance_id, course_attendance_key) VALUES (15, 404, 67);
insert into public.students_course_attendance (students_row_id, course_attendance_id, course_attendance_key) VALUES (11, 411, 66);
insert into public.students_course_attendance (students_row_id, course_attendance_id, course_attendance_key) VALUES (12, 409, 66);
insert into public.students_course_attendance (students_row_id, course_attendance_id, course_attendance_key) VALUES (13, 413, 66);
insert into public.students_course_attendance (students_row_id, course_attendance_id, course_attendance_key) VALUES (14, 412, 66);
insert into public.students_course_attendance (students_row_id, course_attendance_id, course_attendance_key) VALUES (15, 410, 66);
insert into public.students_course_attendance (students_row_id, course_attendance_id, course_attendance_key) VALUES (11, 414, 65);
insert into public.students_course_attendance (students_row_id, course_attendance_id, course_attendance_key) VALUES (12, 416, 65);
insert into public.students_course_attendance (students_row_id, course_attendance_id, course_attendance_key) VALUES (13, 415, 65);
insert into public.students_course_attendance (students_row_id, course_attendance_id, course_attendance_key) VALUES (14, 418, 65);
insert into public.students_course_attendance (students_row_id, course_attendance_id, course_attendance_key) VALUES (15, 417, 65);
insert into public.students_course_attendance (students_row_id, course_attendance_id, course_attendance_key) VALUES (11, 422, 68);
insert into public.students_course_attendance (students_row_id, course_attendance_id, course_attendance_key) VALUES (12, 419, 68);
insert into public.students_course_attendance (students_row_id, course_attendance_id, course_attendance_key) VALUES (13, 423, 68);
insert into public.students_course_attendance (students_row_id, course_attendance_id, course_attendance_key) VALUES (14, 421, 68);
insert into public.students_course_attendance (students_row_id, course_attendance_id, course_attendance_key) VALUES (15, 420, 68);
insert into public.students_course_attendance (students_row_id, course_attendance_id, course_attendance_key) VALUES (11, 426, 64);
insert into public.students_course_attendance (students_row_id, course_attendance_id, course_attendance_key) VALUES (12, 428, 64);
insert into public.students_course_attendance (students_row_id, course_attendance_id, course_attendance_key) VALUES (13, 427, 64);
insert into public.students_course_attendance (students_row_id, course_attendance_id, course_attendance_key) VALUES (14, 424, 64);
insert into public.students_course_attendance (students_row_id, course_attendance_id, course_attendance_key) VALUES (15, 425, 64);
insert into public.students_course_attendance (students_row_id, course_attendance_id, course_attendance_key) VALUES (16, 430, 59);
insert into public.students_course_attendance (students_row_id, course_attendance_id, course_attendance_key) VALUES (17, 432, 59);
insert into public.students_course_attendance (students_row_id, course_attendance_id, course_attendance_key) VALUES (18, 429, 59);
insert into public.students_course_attendance (students_row_id, course_attendance_id, course_attendance_key) VALUES (19, 431, 59);
insert into public.students_course_attendance (students_row_id, course_attendance_id, course_attendance_key) VALUES (20, 433, 59);
insert into public.students_course_attendance (students_row_id, course_attendance_id, course_attendance_key) VALUES (16, 436, 60);
insert into public.students_course_attendance (students_row_id, course_attendance_id, course_attendance_key) VALUES (17, 437, 60);
insert into public.students_course_attendance (students_row_id, course_attendance_id, course_attendance_key) VALUES (18, 434, 60);
insert into public.students_course_attendance (students_row_id, course_attendance_id, course_attendance_key) VALUES (19, 435, 60);
insert into public.students_course_attendance (students_row_id, course_attendance_id, course_attendance_key) VALUES (20, 438, 60);
insert into public.students_course_attendance (students_row_id, course_attendance_id, course_attendance_key) VALUES (16, 441, 61);
insert into public.students_course_attendance (students_row_id, course_attendance_id, course_attendance_key) VALUES (17, 440, 61);
insert into public.students_course_attendance (students_row_id, course_attendance_id, course_attendance_key) VALUES (18, 439, 61);
insert into public.students_course_attendance (students_row_id, course_attendance_id, course_attendance_key) VALUES (19, 443, 61);
insert into public.students_course_attendance (students_row_id, course_attendance_id, course_attendance_key) VALUES (20, 442, 61);
insert into public.students_course_attendance (students_row_id, course_attendance_id, course_attendance_key) VALUES (16, 444, 62);
insert into public.students_course_attendance (students_row_id, course_attendance_id, course_attendance_key) VALUES (17, 445, 62);
insert into public.students_course_attendance (students_row_id, course_attendance_id, course_attendance_key) VALUES (18, 447, 62);
insert into public.students_course_attendance (students_row_id, course_attendance_id, course_attendance_key) VALUES (19, 446, 62);
insert into public.students_course_attendance (students_row_id, course_attendance_id, course_attendance_key) VALUES (20, 448, 62);
insert into public.students_course_attendance (students_row_id, course_attendance_id, course_attendance_key) VALUES (16, 453, 63);
insert into public.students_course_attendance (students_row_id, course_attendance_id, course_attendance_key) VALUES (17, 449, 63);
insert into public.students_course_attendance (students_row_id, course_attendance_id, course_attendance_key) VALUES (18, 450, 63);
insert into public.students_course_attendance (students_row_id, course_attendance_id, course_attendance_key) VALUES (19, 452, 63);
insert into public.students_course_attendance (students_row_id, course_attendance_id, course_attendance_key) VALUES (20, 451, 63);
insert into public.students_course_attendance (students_row_id, course_attendance_id, course_attendance_key) VALUES (11, 458, 59);
insert into public.students_course_attendance (students_row_id, course_attendance_id, course_attendance_key) VALUES (12, 456, 59);
insert into public.students_course_attendance (students_row_id, course_attendance_id, course_attendance_key) VALUES (13, 455, 59);
insert into public.students_course_attendance (students_row_id, course_attendance_id, course_attendance_key) VALUES (14, 454, 59);
insert into public.students_course_attendance (students_row_id, course_attendance_id, course_attendance_key) VALUES (15, 457, 59);
insert into public.students_course_attendance (students_row_id, course_attendance_id, course_attendance_key) VALUES (11, 460, 60);
insert into public.students_course_attendance (students_row_id, course_attendance_id, course_attendance_key) VALUES (12, 462, 60);
insert into public.students_course_attendance (students_row_id, course_attendance_id, course_attendance_key) VALUES (13, 459, 60);
insert into public.students_course_attendance (students_row_id, course_attendance_id, course_attendance_key) VALUES (14, 463, 60);
insert into public.students_course_attendance (students_row_id, course_attendance_id, course_attendance_key) VALUES (15, 461, 60);
insert into public.students_course_attendance (students_row_id, course_attendance_id, course_attendance_key) VALUES (11, 465, 62);
insert into public.students_course_attendance (students_row_id, course_attendance_id, course_attendance_key) VALUES (12, 466, 62);
insert into public.students_course_attendance (students_row_id, course_attendance_id, course_attendance_key) VALUES (13, 468, 62);
insert into public.students_course_attendance (students_row_id, course_attendance_id, course_attendance_key) VALUES (14, 467, 62);
insert into public.students_course_attendance (students_row_id, course_attendance_id, course_attendance_key) VALUES (15, 464, 62);
insert into public.students_course_attendance (students_row_id, course_attendance_id, course_attendance_key) VALUES (11, 470, 63);
insert into public.students_course_attendance (students_row_id, course_attendance_id, course_attendance_key) VALUES (12, 473, 63);
insert into public.students_course_attendance (students_row_id, course_attendance_id, course_attendance_key) VALUES (13, 471, 63);
insert into public.students_course_attendance (students_row_id, course_attendance_id, course_attendance_key) VALUES (14, 469, 63);
insert into public.students_course_attendance (students_row_id, course_attendance_id, course_attendance_key) VALUES (15, 472, 63);

insert into public.teachers (row_id, name, valid, department_row_id, entity_id) VALUES (21, 'Adhyayan', true, 1, 'teacher-cse-id-1');
insert into public.teachers (row_id, name, valid, department_row_id, entity_id) VALUES (22, 'Panwar', true, 1, 'teacher-cse-id-2');
insert into public.teachers (row_id, name, valid, department_row_id, entity_id) VALUES (23, 'Amit', true, 1, 'teacher-cse-id-3');
insert into public.teachers (row_id, name, valid, department_row_id, entity_id) VALUES (24, 'Shubham', true, 1, 'teacher-cse-id-4');
insert into public.teachers (row_id, name, valid, department_row_id, entity_id) VALUES (25, 'Kartik', true, 1, 'teacher-cse-id-5');
insert into public.teachers (row_id, name, valid, department_row_id, entity_id) VALUES (26, 'Abhishek', true, 1, 'teacher-cse-id-6');
insert into public.teachers (row_id, name, valid, department_row_id, entity_id) VALUES (27, 'Rohit', true, 1, 'teacher-cse-id-7');
insert into public.teachers (row_id, name, valid, department_row_id, entity_id) VALUES (28, 'Anubhaw', true, 1, 'teacher-cse-id-8');
insert into public.teachers (row_id, name, valid, department_row_id, entity_id) VALUES (29, 'Vedansh', true, 1, 'teacher-cse-id-9');
insert into public.teachers (row_id, name, valid, department_row_id, entity_id) VALUES (30, 'Keshav', true, 1, 'teacher-cse-id-10');
insert into public.teachers (row_id, name, valid, department_row_id, entity_id) VALUES (37, 'Nihal', true, 2, 'teacher-ise-id-1');
insert into public.teachers (row_id, name, valid, department_row_id, entity_id) VALUES (38, 'Aditi', true, 2, 'teacher-ise-id-2');
insert into public.teachers (row_id, name, valid, department_row_id, entity_id) VALUES (39, 'Saurabh', true, 2, 'teacher-ise-id-3');
insert into public.teachers (row_id, name, valid, department_row_id, entity_id) VALUES (40, 'Prashant', true, 2, 'teacher-ise-id-4');
insert into public.teachers (row_id, name, valid, department_row_id, entity_id) VALUES (41, 'Nishant', true, 2, 'teacher-ise-id-5');
insert into public.teachers (row_id, name, valid, department_row_id, entity_id) VALUES (42, 'Aaron', true, 2, 'teacher-ise-id-6');
insert into public.teachers (row_id, name, valid, department_row_id, entity_id) VALUES (43, 'Ankita', true, 2, 'teacher-ise-id-7');
insert into public.teachers (row_id, name, valid, department_row_id, entity_id) VALUES (44, 'Sonal', true, 2, 'teacher-ise-id-8');
insert into public.teachers (row_id, name, valid, department_row_id, entity_id) VALUES (45, 'Aastha', true, 2, 'teacher-ise-id-9');
insert into public.teachers (row_id, name, valid, department_row_id, entity_id) VALUES (47, 'Shivani', true, 2, 'teacher-ise-id-10');

insert into public.teachers_courses (teachers_row_id, courses_row_id) VALUES (21, 56);
insert into public.teachers_courses (teachers_row_id, courses_row_id) VALUES (22, 49);
insert into public.teachers_courses (teachers_row_id, courses_row_id) VALUES (23, 50);
insert into public.teachers_courses (teachers_row_id, courses_row_id) VALUES (24, 51);
insert into public.teachers_courses (teachers_row_id, courses_row_id) VALUES (25, 48);
insert into public.teachers_courses (teachers_row_id, courses_row_id) VALUES (26, 57);
insert into public.teachers_courses (teachers_row_id, courses_row_id) VALUES (27, 52);
insert into public.teachers_courses (teachers_row_id, courses_row_id) VALUES (28, 54);
insert into public.teachers_courses (teachers_row_id, courses_row_id) VALUES (29, 55);
insert into public.teachers_courses (teachers_row_id, courses_row_id) VALUES (30, 53);
insert into public.teachers_courses (teachers_row_id, courses_row_id) VALUES (21, 52);
insert into public.teachers_courses (teachers_row_id, courses_row_id) VALUES (22, 54);
insert into public.teachers_courses (teachers_row_id, courses_row_id) VALUES (23, 55);
insert into public.teachers_courses (teachers_row_id, courses_row_id) VALUES (24, 53);
insert into public.teachers_courses (teachers_row_id, courses_row_id) VALUES (37, 67);
insert into public.teachers_courses (teachers_row_id, courses_row_id) VALUES (38, 66);
insert into public.teachers_courses (teachers_row_id, courses_row_id) VALUES (39, 65);
insert into public.teachers_courses (teachers_row_id, courses_row_id) VALUES (40, 68);
insert into public.teachers_courses (teachers_row_id, courses_row_id) VALUES (41, 64);
insert into public.teachers_courses (teachers_row_id, courses_row_id) VALUES (42, 59);
insert into public.teachers_courses (teachers_row_id, courses_row_id) VALUES (43, 60);
insert into public.teachers_courses (teachers_row_id, courses_row_id) VALUES (44, 61);
insert into public.teachers_courses (teachers_row_id, courses_row_id) VALUES (45, 62);
insert into public.teachers_courses (teachers_row_id, courses_row_id) VALUES (47, 63);
insert into public.teachers_courses (teachers_row_id, courses_row_id) VALUES (37, 59);
insert into public.teachers_courses (teachers_row_id, courses_row_id) VALUES (38, 60);
insert into public.teachers_courses (teachers_row_id, courses_row_id) VALUES (39, 62);
insert into public.teachers_courses (teachers_row_id, courses_row_id) VALUES (40, 63);

insert into public.teachers_sections (teachers_row_id, sections_row_id) VALUES (25, 69);
insert into public.teachers_sections (teachers_row_id, sections_row_id) VALUES (26, 71);
insert into public.teachers_sections (teachers_row_id, sections_row_id) VALUES (27, 71);
insert into public.teachers_sections (teachers_row_id, sections_row_id) VALUES (28, 71);
insert into public.teachers_sections (teachers_row_id, sections_row_id) VALUES (29, 71);
insert into public.teachers_sections (teachers_row_id, sections_row_id) VALUES (30, 71);
insert into public.teachers_sections (teachers_row_id, sections_row_id) VALUES (21, 69);
insert into public.teachers_sections (teachers_row_id, sections_row_id) VALUES (21, 72);
insert into public.teachers_sections (teachers_row_id, sections_row_id) VALUES (22, 69);
insert into public.teachers_sections (teachers_row_id, sections_row_id) VALUES (22, 72);
insert into public.teachers_sections (teachers_row_id, sections_row_id) VALUES (23, 69);
insert into public.teachers_sections (teachers_row_id, sections_row_id) VALUES (23, 72);
insert into public.teachers_sections (teachers_row_id, sections_row_id) VALUES (24, 69);
insert into public.teachers_sections (teachers_row_id, sections_row_id) VALUES (24, 72);
insert into public.teachers_sections (teachers_row_id, sections_row_id) VALUES (41, 75);
insert into public.teachers_sections (teachers_row_id, sections_row_id) VALUES (42, 76);
insert into public.teachers_sections (teachers_row_id, sections_row_id) VALUES (43, 76);
insert into public.teachers_sections (teachers_row_id, sections_row_id) VALUES (44, 76);
insert into public.teachers_sections (teachers_row_id, sections_row_id) VALUES (45, 76);
insert into public.teachers_sections (teachers_row_id, sections_row_id) VALUES (47, 76);
insert into public.teachers_sections (teachers_row_id, sections_row_id) VALUES (37, 75);
insert into public.teachers_sections (teachers_row_id, sections_row_id) VALUES (37, 77);
insert into public.teachers_sections (teachers_row_id, sections_row_id) VALUES (38, 75);
insert into public.teachers_sections (teachers_row_id, sections_row_id) VALUES (38, 77);
insert into public.teachers_sections (teachers_row_id, sections_row_id) VALUES (39, 75);
insert into public.teachers_sections (teachers_row_id, sections_row_id) VALUES (39, 77);
insert into public.teachers_sections (teachers_row_id, sections_row_id) VALUES (40, 75);
insert into public.teachers_sections (teachers_row_id, sections_row_id) VALUES (40, 77);

insert into public.sections_course_teacher_map (sections_row_id, course_teacher_map_row_id, course_teacher_map_key) VALUES (69, 21, 56);
insert into public.sections_course_teacher_map (sections_row_id, course_teacher_map_row_id, course_teacher_map_key) VALUES (69, 22, 49);
insert into public.sections_course_teacher_map (sections_row_id, course_teacher_map_row_id, course_teacher_map_key) VALUES (69, 23, 50);
insert into public.sections_course_teacher_map (sections_row_id, course_teacher_map_row_id, course_teacher_map_key) VALUES (69, 24, 51);
insert into public.sections_course_teacher_map (sections_row_id, course_teacher_map_row_id, course_teacher_map_key) VALUES (69, 25, 48);
insert into public.sections_course_teacher_map (sections_row_id, course_teacher_map_row_id, course_teacher_map_key) VALUES (71, 26, 57);
insert into public.sections_course_teacher_map (sections_row_id, course_teacher_map_row_id, course_teacher_map_key) VALUES (71, 27, 52);
insert into public.sections_course_teacher_map (sections_row_id, course_teacher_map_row_id, course_teacher_map_key) VALUES (71, 28, 54);
insert into public.sections_course_teacher_map (sections_row_id, course_teacher_map_row_id, course_teacher_map_key) VALUES (71, 29, 55);
insert into public.sections_course_teacher_map (sections_row_id, course_teacher_map_row_id, course_teacher_map_key) VALUES (71, 30, 53);
insert into public.sections_course_teacher_map (sections_row_id, course_teacher_map_row_id, course_teacher_map_key) VALUES (72, 21, 52);
insert into public.sections_course_teacher_map (sections_row_id, course_teacher_map_row_id, course_teacher_map_key) VALUES (72, 22, 54);
insert into public.sections_course_teacher_map (sections_row_id, course_teacher_map_row_id, course_teacher_map_key) VALUES (72, 23, 55);
insert into public.sections_course_teacher_map (sections_row_id, course_teacher_map_row_id, course_teacher_map_key) VALUES (72, 24, 53);
insert into public.sections_course_teacher_map (sections_row_id, course_teacher_map_row_id, course_teacher_map_key) VALUES (75, 37, 67);
insert into public.sections_course_teacher_map (sections_row_id, course_teacher_map_row_id, course_teacher_map_key) VALUES (75, 38, 66);
insert into public.sections_course_teacher_map (sections_row_id, course_teacher_map_row_id, course_teacher_map_key) VALUES (75, 39, 65);
insert into public.sections_course_teacher_map (sections_row_id, course_teacher_map_row_id, course_teacher_map_key) VALUES (75, 40, 68);
insert into public.sections_course_teacher_map (sections_row_id, course_teacher_map_row_id, course_teacher_map_key) VALUES (75, 41, 64);
insert into public.sections_course_teacher_map (sections_row_id, course_teacher_map_row_id, course_teacher_map_key) VALUES (76, 42, 59);
insert into public.sections_course_teacher_map (sections_row_id, course_teacher_map_row_id, course_teacher_map_key) VALUES (76, 43, 60);
insert into public.sections_course_teacher_map (sections_row_id, course_teacher_map_row_id, course_teacher_map_key) VALUES (76, 44, 61);
insert into public.sections_course_teacher_map (sections_row_id, course_teacher_map_row_id, course_teacher_map_key) VALUES (76, 45, 62);
insert into public.sections_course_teacher_map (sections_row_id, course_teacher_map_row_id, course_teacher_map_key) VALUES (76, 47, 63);
insert into public.sections_course_teacher_map (sections_row_id, course_teacher_map_row_id, course_teacher_map_key) VALUES (77, 37, 59);
insert into public.sections_course_teacher_map (sections_row_id, course_teacher_map_row_id, course_teacher_map_key) VALUES (77, 38, 60);
insert into public.sections_course_teacher_map (sections_row_id, course_teacher_map_row_id, course_teacher_map_key) VALUES (77, 39, 62);
insert into public.sections_course_teacher_map (sections_row_id, course_teacher_map_row_id, course_teacher_map_key) VALUES (77, 40, 63);

insert into public.devices (row_id, name, entity_id, section_row_id) VALUES (480, 'Nitesh', 'device-cse-1', 69);

insert into public.rooms (row_id, id, department_row_id, section_row_id, room) VALUES (482, 'cse-402', 1, 69, 402);
