insert into public.departments (row_id, id, name) VALUES (2, 'ise', 'Information Science Engineering');
insert into public.departments (row_id, id, name) VALUES (1, 'cse', 'Computer Science Engineering');
insert into public.departments (row_id, id, name) VALUES (3, 'ece', 'Electronics & Communications Engineering');
insert into public.departments (row_id, id, name) VALUES (4, 'eee', 'Electronics & Electrical Engineering');
insert into public.departments (row_id, id, name) VALUES (5, 'me', 'Mechanical Engineering');

insert into public.courses (row_id, id, name, semester, valid, year, department_row_id) VALUES (48, '19CSE5IOT', 'Internet of Things', 5, true, 2019, 1);
insert into public.courses (row_id, id, name, semester, valid, year, department_row_id) VALUES (49, '17CSE5ADA', 'Algorithm Design Analysis', 5, true, 2017, 1);
insert into public.courses (row_id, id, name, semester, valid, year, department_row_id) VALUES (50, '16CSE5SE', 'Software Engineering', 5, true, 2016, 1);
insert into public.courses (row_id, id, name, semester, valid, year, department_row_id) VALUES (51, '18CSE5PWP', 'Programming with Python', 5, true, 2018, 1);
insert into public.courses (row_id, id, name, semester, valid, year, department_row_id) VALUES (52, '18CSE3WD', 'Web Development', 3, true, 2018, 1);
insert into public.courses (row_id, id, name, semester, valid, year, department_row_id) VALUES (53, '18CSE3PWJ', 'Programming With Java', 3, true, 2018, 1);
insert into public.courses (row_id, id, name, semester, valid, year, department_row_id) VALUES (54, '18CSE3PWC', 'Programming With C++', 3, true, 2018, 1);
insert into public.courses (row_id, id, name, semester, valid, year, department_row_id) VALUES (55, '18CSE3COA', 'Computer Organization Architecture', 3, true, 2018, 1);
insert into public.courses (row_id, id, name, semester, valid, year, department_row_id) VALUES (56, '15CSE5DS', 'Data Structures', 5, true, 2015, 1);
insert into public.courses (row_id, id, name, semester, valid, year, department_row_id) VALUES (57, '19CSE3CC', 'Cloud Computing', 3, true, 2019, 1);
insert into public.courses (row_id, id, name, semester, valid, year, department_row_id) VALUES (59, '18ISE3IOT', 'Internet of Things', 3, true, 2018, 2);
insert into public.courses (row_id, id, name, semester, valid, year, department_row_id) VALUES (60, '17ISE3SE', 'Software Engineering', 3, true, 2017, 2);
insert into public.courses (row_id, id, name, semester, valid, year, department_row_id) VALUES (61, '19ISE3DS', 'Data Structures', 3, true, 2019, 2);
insert into public.courses (row_id, id, name, semester, valid, year, department_row_id) VALUES (62, '18ISE3ADA', 'Algorithm Design Analysis', 3, true, 2018, 2);
insert into public.courses (row_id, id, name, semester, valid, year, department_row_id) VALUES (63, '16ISE3PWP', 'Programming With Python', 3, true, 2016, 2);
insert into public.courses (row_id, id, name, semester, valid, year, department_row_id) VALUES (64, '18ISE5CC', 'Cloud Computing', 5, true, 2018, 2);
insert into public.courses (row_id, id, name, semester, valid, year, department_row_id) VALUES (65, '19ISE5PWJ', 'Programming With Java', 5, true, 2019, 2);
insert into public.courses (row_id, id, name, semester, valid, year, department_row_id) VALUES (66, '18ISE5PWC', 'Programming With C++', 5, true, 2018, 2);
insert into public.courses (row_id, id, name, semester, valid, year, department_row_id) VALUES (67, '17ISE5COA', 'Computer Organization Architecture', 5, true, 2017, 2);
insert into public.courses (row_id, id, name, semester, valid, year, department_row_id) VALUES (68, '19ISE5WD', 'Web Development', 5, true, 2019, 2);

insert into public.entities (id, password, type) VALUES ('student-cse-2021-1', '$2a$10$AUGOq/K2MTIGyx0P5GNE3O2P5RSFGnWegDZwVEeJ3XSwfka.8yHfq', 'STUDENT');
insert into public.entities (id, password, type) VALUES ('student-cse-2021-2', '$2a$10$ELml4Rj8mbzotuuCSN.Wq.U6cpzpGd04uyrBoAJH.VPSIJrLuuepW', 'STUDENT');
insert into public.entities (id, password, type) VALUES ('student-cse-2021-3', '$2a$10$CpbuzsIz0wBt3n7POp2Heuid/TTaTu1tote/jxo7SnSDjdkZuOFrK', 'STUDENT');
insert into public.entities (id, password, type) VALUES ('student-cse-2021-4', '$2a$10$7Cr0nbbpE2HK3xB2Mu32..jb2hVC/SrsYqH46Z.yOy5idwk73cEE2', 'STUDENT');
insert into public.entities (id, password, type) VALUES ('student-cse-2021-5', '$2a$10$771lI/aUg03phKZf5VDXhOJACzFeFZXO8sIHX2XpCQXFlAzrIHsse', 'STUDENT');
insert into public.entities (id, password, type) VALUES ('student-cse-2022-1', '$2a$10$0QkuU0WFW6u16GHMSlhbO.m0NMa8tfuU89T5viYktWs9e1MVPrLxi', 'STUDENT');
insert into public.entities (id, password, type) VALUES ('student-cse-2022-2', '$2a$10$kEDrLiurS7DOfQmxH3PIeuwXoAqniLof8U9rPy3YgGL1u73IhCIp.', 'STUDENT');
insert into public.entities (id, password, type) VALUES ('student-cse-2022-3', '$2a$10$uE5XjUw6jfjTPWwyDdX3tu6OyAyKQuzlUUUjw1dVoOtJdm344e0Ue', 'STUDENT');
insert into public.entities (id, password, type) VALUES ('student-cse-2022-4', '$2a$10$8knk/LbSsYo7siH/fTxS0uA4IKNNNnZhK5LU7wWFI4MZBlee6tmI.', 'STUDENT');
insert into public.entities (id, password, type) VALUES ('student-cse-2022-5', '$2a$10$DpTGm3fPE1Hg/Ipn3M4d8uGaDP6xz.eTcnOdsMKG/vU3eowh0BZyK', 'STUDENT');
insert into public.entities (id, password, type) VALUES ('student-ise-2021-1', '$2a$10$JzAlDnqnqYMYEEDTfcHjBeLnNy4MVs0c8Lzs8N1crWTFnhwhTaucK', 'STUDENT');
insert into public.entities (id, password, type) VALUES ('student-ise-2021-2', '$2a$10$aoWYG.o7ZmKuYkSodIHWr.V8/xg64cYZOzNcFWGQDEjGKhEFvr1g6', 'STUDENT');
insert into public.entities (id, password, type) VALUES ('student-ise-2021-3', '$2a$10$WX5icWIK6K8g0LWwxX6nLOd/vtAR8zEbtQQaX314UVrpdIV1/gjki', 'STUDENT');
insert into public.entities (id, password, type) VALUES ('student-ise-2021-4', '$2a$10$e4RfIE6LdOS/FEBHjTV8veRP6.l4DECCK3iWYpRV11R6qqSyA.sdO', 'STUDENT');
insert into public.entities (id, password, type) VALUES ('student-ise-2021-5', '$2a$10$U/AppG0H5bbdndaTtf3RLu528BDHCW0Q6oHV4/Z9b2lD3Aj1x73CS', 'STUDENT');
insert into public.entities (id, password, type) VALUES ('student-ise-2022-1', '$2a$10$N7grkt8OCyPU5kREznJ2q.dlqxQYP4la72GqUNYLAhcJTZKPqOI/K', 'STUDENT');
insert into public.entities (id, password, type) VALUES ('student-ise-2022-2', '$2a$10$yRdLffHDyRiaafrtLy.l9eUyzoV.4FtyIqwZOROS.zjQ66r0PD4Cm', 'STUDENT');
insert into public.entities (id, password, type) VALUES ('student-ise-2022-3', '$2a$10$sQG4VPPdEh8tylaxsAaIQOz3wlCRCLPlHgDkm.x5uXrOmp5thmgNG', 'STUDENT');
insert into public.entities (id, password, type) VALUES ('student-ise-2022-4', '$2a$10$dIySIc7oCFfcVWpDbajope4WWx7PZX583ynaijUbUBfJ1W1fSq8B6', 'STUDENT');
insert into public.entities (id, password, type) VALUES ('student-ise-2022-5', '$2a$10$i0d8u.HxRlm8NnGhwA4bAuo429r9qKg0qnrYmROcY2XH8kapaiYE6', 'STUDENT');
insert into public.entities (id, password, type) VALUES ('teacher-id-1', '$2a$10$BfUcLpb1bGEF4J/TGO6WMeLecKYMHwjBT/Vv4nkvSH9VDvEbhzo3K', 'TEACHER');
insert into public.entities (id, password, type) VALUES ('teacher-id-2', '$2a$10$jvTk4iP1eoiIiur1HCFFMuMhIXmrgH4Iow3IN/JLj0LHeZLFMhkke', 'TEACHER');
insert into public.entities (id, password, type) VALUES ('teacher-id-3', '$2a$10$C0eOGbRc10Ql85MbLG4FSOHvgr2KJIGn7hrCeyiGmzBNNo7kckDaK', 'TEACHER');
insert into public.entities (id, password, type) VALUES ('teacher-id-4', '$2a$10$nru9vK5lWZJ2nEBcRggPiubcWoUC/y0LC0g5ABOPo0.0/igpc7lga', 'TEACHER');
insert into public.entities (id, password, type) VALUES ('teacher-id-5', '$2a$10$4GUZ5bxs.jCkxC6VDYtAEuNMkTNgnhkcSTPeO2RgLFyfj.Ioqcr8O', 'TEACHER');
insert into public.entities (id, password, type) VALUES ('teacher-id-6', '$2a$10$OZdhX3jcIJHP8JJ54iSbcOtTSZZEiSGvWnAqhfS2SVyHFsypbcvM.', 'TEACHER');
insert into public.entities (id, password, type) VALUES ('teacher-id-7', '$2a$10$ZWdB4pE9hAh9cQoDwp8f4.XCW9imO47zjSlGDShqs0RMRwitHh8Le', 'TEACHER');
insert into public.entities (id, password, type) VALUES ('teacher-id-8', '$2a$10$6PvlluuC.VIszwubIrXVTetX/rkxeaNY93uN2IXDf6Ld7FAcwOyWe', 'TEACHER');
insert into public.entities (id, password, type) VALUES ('teacher-id-9', '$2a$10$0/KZyFOQPJ9IepMYo0xSXeNZMF032xI4jZZQOfWoDXkKiDRGkj6fi', 'TEACHER');
insert into public.entities (id, password, type) VALUES ('teacher-id-10', '$2a$10$Iw0DwTwowwaj0q0FkpUO1OECiAJx2.R2cECpB2.mZdUrRLvAk3ph2', 'TEACHER');
insert into public.entities (id, password, type) VALUES ('teacher-id-11', '$2a$10$RTbigq1JxiycRLKcGmi.Fu3Z/B78zceLLg.gkLwkoS1tHdzP/kIVu', 'TEACHER');
insert into public.entities (id, password, type) VALUES ('teacher-id-12', '$2a$10$8aLdj2B4IclJWzjZDL2t4ueXvQ.MCaw/jpNsljCLgSNDwaR9q.foq', 'TEACHER');
insert into public.entities (id, password, type) VALUES ('teacher-id-13', '$2a$10$FnkH0wp47DJ86I7cPCOY5usIQgz5L.wYpBrwUid9q357.NqZt16Lm', 'TEACHER');
insert into public.entities (id, password, type) VALUES ('teacher-id-14', '$2a$10$wRf.6epXvZ9UiWwa0LaEBu/HAqLns3w.nTHnYErjzyqYb2SNDWgj.', 'TEACHER');
insert into public.entities (id, password, type) VALUES ('teacher-id-15', '$2a$10$9t5YtJ1N0BenuQzh8FOf6unbkZVOGG1tYdH2ptXJM66ActeBK1Auq', 'TEACHER');
insert into public.entities (id, password, type) VALUES ('teacher-id-16', '$2a$10$UpWyCZdrDMuYaYQlaqGCg.NB/B/NyPyEEqAzcE8Uzqf4CuWbGxDau', 'TEACHER');
insert into public.entities (id, password, type) VALUES ('teacher-id-17', '$2a$10$S9AOa5a4.jVsaNsBsq8nVeHaAR2A5yWbzQFR4qt2tRrqBQ96zseki', 'TEACHER');
insert into public.entities (id, password, type) VALUES ('teacher-id-18', '$2a$10$/pF68YWPMvm9KjhrLvpyA.OWpU/8DbfBOJBLVFiI49QiMNIKL2dMK', 'TEACHER');
insert into public.entities (id, password, type) VALUES ('teacher-id-19', '$2a$10$vlT9VU3VH6WdsK9JLHIKsOzCsKm6uYLiOzxC9he2w3wEid1r2/ZHK', 'TEACHER');
insert into public.entities (id, password, type) VALUES ('teacher-id-20', '$2a$10$eY.XFvvHOr9jmWlU6QjcAeUz/iJ7EkDHYiGsLtTVzRTUdyWG04oXS', 'TEACHER');

insert into public.sections (row_id, id, room, section, semester, year, department_row_id) VALUES (69, '5A-CSE-2019', null, 'A', 5, 2019, 1);
insert into public.sections (row_id, id, room, section, semester, year, department_row_id) VALUES (71, '3A-CSE-2019', null, 'A', 3, 2019, 1);
insert into public.sections (row_id, id, room, section, semester, year, department_row_id) VALUES (72, '3A-CSE-2018', null, 'A', 3, 2018, 1);
insert into public.sections (row_id, id, room, section, semester, year, department_row_id) VALUES (75, '5A-ISE-2019', null, 'A', 5, 2019, 2);
insert into public.sections (row_id, id, room, section, semester, year, department_row_id) VALUES (76, '3A-ISE-2019', null, 'A', 3, 2019, 2);
insert into public.sections (row_id, id, room, section, semester, year, department_row_id) VALUES (77, '3A-ISE-2018', null, 'A', 3, 2018, 2);

insert into public.students (row_id, graduation_year, name, department_row_id, entity_id) VALUES (1, 2021, 'Nitesh', 1, 'student-cse-2021-1');
insert into public.students (row_id, graduation_year, name, department_row_id, entity_id) VALUES (2, 2021, 'Nitesh', 1, 'student-cse-2021-2');
insert into public.students (row_id, graduation_year, name, department_row_id, entity_id) VALUES (3, 2021, 'Nitesh', 1, 'student-cse-2021-3');
insert into public.students (row_id, graduation_year, name, department_row_id, entity_id) VALUES (4, 2021, 'Nitesh', 1, 'student-cse-2021-4');
insert into public.students (row_id, graduation_year, name, department_row_id, entity_id) VALUES (5, 2021, 'Nitesh', 1, 'student-cse-2021-5');
insert into public.students (row_id, graduation_year, name, department_row_id, entity_id) VALUES (11, 2021, 'Nitesh', 2, 'student-ise-2021-1');
insert into public.students (row_id, graduation_year, name, department_row_id, entity_id) VALUES (12, 2021, 'Nitesh', 2, 'student-ise-2021-2');
insert into public.students (row_id, graduation_year, name, department_row_id, entity_id) VALUES (13, 2021, 'Nitesh', 2, 'student-ise-2021-3');
insert into public.students (row_id, graduation_year, name, department_row_id, entity_id) VALUES (14, 2021, 'Nitesh', 2, 'student-ise-2021-4');
insert into public.students (row_id, graduation_year, name, department_row_id, entity_id) VALUES (15, 2021, 'Nitesh', 2, 'student-ise-2021-5');
insert into public.students (row_id, graduation_year, name, department_row_id, entity_id) VALUES (8, 2022, 'Nitesh', 1, 'student-cse-2022-1');
insert into public.students (row_id, graduation_year, name, department_row_id, entity_id) VALUES (9, 2022, 'Nitesh', 1, 'student-cse-2022-2');
insert into public.students (row_id, graduation_year, name, department_row_id, entity_id) VALUES (10, 2022, 'Nitesh', 1, 'student-cse-2022-3');
insert into public.students (row_id, graduation_year, name, department_row_id, entity_id) VALUES (6, 2022, 'Nitesh', 1, 'student-cse-2022-4');
insert into public.students (row_id, graduation_year, name, department_row_id, entity_id) VALUES (7, 2022, 'Nitesh', 1, 'student-cse-2022-5');
insert into public.students (row_id, graduation_year, name, department_row_id, entity_id) VALUES (16, 2022, 'Nitesh', 2, 'student-ise-2022-1');
insert into public.students (row_id, graduation_year, name, department_row_id, entity_id) VALUES (17, 2022, 'Nitesh', 2, 'student-ise-2022-2');
insert into public.students (row_id, graduation_year, name, department_row_id, entity_id) VALUES (18, 2022, 'Nitesh', 2, 'student-ise-2022-3');
insert into public.students (row_id, graduation_year, name, department_row_id, entity_id) VALUES (19, 2022, 'Nitesh', 2, 'student-ise-2022-4');
insert into public.students (row_id, graduation_year, name, department_row_id, entity_id) VALUES (20, 2022, 'Nitesh', 2, 'student-ise-2022-5');

insert into public.teachers (row_id, name, valid, department_row_id, entity_id) VALUES (21, 'Nitesh', true, 1, 'teacher-id-1');
insert into public.teachers (row_id, name, valid, department_row_id, entity_id) VALUES (22, 'Nitesh', true, 1, 'teacher-id-2');
insert into public.teachers (row_id, name, valid, department_row_id, entity_id) VALUES (23, 'Nitesh', true, 1, 'teacher-id-3');
insert into public.teachers (row_id, name, valid, department_row_id, entity_id) VALUES (24, 'Nitesh', true, 1, 'teacher-id-4');
insert into public.teachers (row_id, name, valid, department_row_id, entity_id) VALUES (25, 'Nitesh', true, 1, 'teacher-id-5');
insert into public.teachers (row_id, name, valid, department_row_id, entity_id) VALUES (26, 'Nitesh', true, 1, 'teacher-id-6');
insert into public.teachers (row_id, name, valid, department_row_id, entity_id) VALUES (27, 'Nitesh', true, 1, 'teacher-id-7');
insert into public.teachers (row_id, name, valid, department_row_id, entity_id) VALUES (28, 'Nitesh', true, 1, 'teacher-id-8');
insert into public.teachers (row_id, name, valid, department_row_id, entity_id) VALUES (29, 'Nitesh', true, 1, 'teacher-id-9');
insert into public.teachers (row_id, name, valid, department_row_id, entity_id) VALUES (30, 'Nitesh', true, 1, 'teacher-id-10');
insert into public.teachers (row_id, name, valid, department_row_id, entity_id) VALUES (37, 'Nitesh', true, 2, 'teacher-id-11');
insert into public.teachers (row_id, name, valid, department_row_id, entity_id) VALUES (38, 'Nitesh', true, 2, 'teacher-id-12');
insert into public.teachers (row_id, name, valid, department_row_id, entity_id) VALUES (39, 'Nitesh', true, 2, 'teacher-id-13');
insert into public.teachers (row_id, name, valid, department_row_id, entity_id) VALUES (40, 'Nitesh', true, 2, 'teacher-id-14');
insert into public.teachers (row_id, name, valid, department_row_id, entity_id) VALUES (41, 'Nitesh', true, 2, 'teacher-id-15');
insert into public.teachers (row_id, name, valid, department_row_id, entity_id) VALUES (42, 'Nitesh', true, 2, 'teacher-id-16');
insert into public.teachers (row_id, name, valid, department_row_id, entity_id) VALUES (43, 'Nitesh', true, 2, 'teacher-id-17');
insert into public.teachers (row_id, name, valid, department_row_id, entity_id) VALUES (44, 'Nitesh', true, 2, 'teacher-id-18');
insert into public.teachers (row_id, name, valid, department_row_id, entity_id) VALUES (45, 'Nitesh', true, 2, 'teacher-id-19');
insert into public.teachers (row_id, name, valid, department_row_id, entity_id) VALUES (47, 'Nitesh', true, 2, 'teacher-id-20');